row_id,Y
2933,4.235122717714924
734,4.213106311452671
1139,4.250434187235744
9394,4.246007795820348
7393,4.237126556590663
7900,4.283543742349003
5095,4.255924979400148
8763,4.245265958188781
9632,4.239386167818671
973,4.262652399145535
4469,4.281407796393092
3569,4.259342944410432
2090,4.234649492261737
3671,4.224014306567966
6762,4.254302397953094
1713,4.253827690274877
10032,4.210834677901309
2767,4.242248966448294
5103,4.237682928238142
1643,4.247818536426402
8806,4.24203930156675
10789,4.249609219167822
2047,4.2405725976910436
7975,4.258359355645576
9697,4.249473837261214
10635,4.2239348080740635
3202,4.241820819257747
8313,4.256659457599387
1688,4.270598135985293
10164,4.2387618411269505
3134,4.255982891981112
9100,4.244996889124762
984,4.261352161986681
6376,4.261746902891653
6820,4.230141503834259
8263,4.2281376271549895
346,4.208271723592928
8855,4.267932281715802
38,4.240196930158282
1482,4.267540571998767
5460,4.213925148128278
3749,4.246234570890934
1153,4.233054554141815
9008,4.265136117925785
9066,4.254111427186305
3767,4.252633504670453
6132,4.216814410279981
7810,4.255792664215226
9794,4.217444267313117
2197,4.258343593871604
8753,4.262622061174681
1885,4.247935823705124
5074,4.2382602740562225
10459,4.257087483361414
3926,4.244418664091268
10362,4.257167426476418
3060,4.276078709692641
6966,4.238661825087432
8173,4.253562293314069
5362,4.2640234623670725
7413,4.272099685038733
2543,4.24014951124989
327,4.214873029692272
2360,4.231787343071799
4937,4.2045740398049
3582,4.242215635515218
4539,4.272577096290828
4506,4.228608907354637
8661,4.264055004644507
2713,4.2704026100682295
10303,4.273246709273537
12,4.2
8749,4.2407929980916705
9171,4.267810165328373
1138,4.2446291347661695
3734,4.228872711634264
8596,4.221672412107899
32,4.250620255690213
2890,4.249588075812111
48,4.2603799787922245
6180,4.248516525409819
10440,4.27623063950279
4699,4.252758825118592
3575,4.257876466363289
1284,4.269874042308839
3592,4.263689595342461
3859,4.254188461106564
10112,4.265030730500037
8053,4.257993174280219
6609,4.257056247357876
8971,4.216425262865815
5582,4.243725810996611
3045,4.261755896119226
4404,4.272926997580289
7609,4.241441391529778
3973,4.275571818164919
4311,4.2404963756953755
1821,4.26888290568402
6700,4.239793972583558
7003,4.2520368813986735
923,4.2498437119515415
6911,4.24425054885862
3094,4.2561674751924095
8953,4.2707356735978586
2910,4.238170512797894
3772,4.221334617873042
7304,4.237138547140849
10839,4.265716362101284
9690,4.2829690590543885
569,4.266117872164908
4132,4.238702962728739
1747,4.248763863556044
2662,4.2767598149700765
7651,4.244181949213287
1698,4.208422505352814
3730,4.235360127543529
8864,4.269380151546649
4168,4.255444432096819
5465,4.268213204836886
2831,4.247278780749359
8591,4.267355280420711
3801,4.214898618330389
9403,4.280693495489981
1158,4.244669938654844
6178,4.216130928767352
3174,4.2379505767530015
2248,4.25392832714595
7664,4.2338105693823795
3130,4.2448065837180895
8373,4.243787059442392
7592,4.254241711295754
9831,4.21523180204551
349,4.275983079110654
5655,4.24600423948035
9002,4.25474402131545
9228,4.260929875889584
6985,4.256183480527088
7065,4.214663609599594
4075,4.255568818186218
9870,4.272200778303531
7839,4.241275332333011
1699,4.206897348698776
2064,4.259959302294985
10767,4.241048153392034
7837,4.246206325266639
10206,4.239879373925106
9462,4.256843542257057
9207,4.241836890932161
6476,4.2386535546279065
6017,4.216036669605548
1696,4.273520135601373
4662,4.251466431819291
4616,4.208100838072244
4125,4.234525209966832
6682,4.207037604031035
250,4.256184924820129
5584,4.258138490367112
6760,4.2349585604621796
2004,4.25942262044174
8695,4.20263052153788
4264,4.2365041178735785
9864,4.257852006076972
3155,4.239977112188864
597,4.230196582903332
1360,4.266190062747447
1352,4.266690700714443
5934,4.211842609413673
9026,4.228171469613253
7218,4.244342934459121
8127,4.276255169055281
10025,4.240518303413531
8424,4.28006639344973
6009,4.233841753786466
3587,4.252316015873801
3855,4.2553705934958455
2362,4.210434800861619
3496,4.2436823237727666
524,4.222558685398161
3670,4.257828176246429
1570,4.220992972781098
8271,4.2191393477676025
3891,4.260805846684864
8844,4.255695025747821
1210,4.244450981183429
358,4.25205025394494
102,4.232319525478939
428,4.241668171936451
8709,4.245145781581012
1946,4.2496799983079425
1209,4.25808661362933
10737,4.262078167286771
7280,4.238241354417739
1468,4.250944565625998
3102,4.268736798323359
335,4.22034062802234
365,4.257408918607097
6252,4.221848065203447
2318,4.270707294635651
2138,4.270983411945757
633,4.261123658151028
4663,4.238883466843193
4449,4.2488099975881255
2661,4.239299972325807
790,4.248783571899082
2193,4.239321884678583
1166,4.2659334229449835
2585,4.2096373942476575
5102,4.267765382036902
2974,4.2423400468582315
5507,4.2
3142,4.270809069133723
1677,4.252401834098989
3207,4.258784884145832
4059,4.2407147669791065
7098,4.281460830893867
668,4.266883462121397
331,4.25607172824424
555,4.252642110429905
8222,4.267407875680851
3343,4.258318446446457
1962,4.247643246380772
4861,4.213034397496141
2117,4.24861266282769
6935,4.278439560364013
8469,4.251784082857898
5691,4.268265956247138
8653,4.271108263014996
10208,4.23086506276172
2649,4.257769490490867
9977,4.254415876791117
8516,4.246691305553503
6811,4.259461116842504
2215,4.271090985575861
7608,4.21612846957923
7536,4.236148336257309
2892,4.242290733189469
8018,4.27497007843739
5968,4.212914998172969
7887,4.283684918553168
4372,4.247504242997314
3078,4.230039197533996
10464,4.278833347763251
2107,4.231701906574791
4035,4.235464534609475
4610,4.226390962839111
473,4.252487313234578
5478,4.258245876324611
9942,4.261847940804834
9867,4.261618914730275
6217,4.235257528401146
4966,4.230196582903332
3244,4.249784777805037
3491,4.250187938629883
233,4.257164914272816
222,4.272370808810406
405,4.235574456914248
2916,4.256435170743372
4990,4.27315876523817
1240,4.264632731245308
4613,4.220468193456028
2622,4.255328767765758
3837,4.2516885938370015
8946,4.245028718139684
7751,4.256725015028708
9272,4.252583932938008
6295,4.260088990392137
5929,4.275642220213828
10800,4.201154013646386
4828,4.241571197634034
3038,4.226739511026802
9872,4.21800951001271
8637,4.219377038144887
9253,4.215341277095714
4333,4.246659070594085
4280,4.234950053245497
7946,4.2612551806026335
10723,4.252367332585886
7803,4.226205913920882
5084,4.220071174353903
4804,4.256570954771323
6688,4.247271379877424
1944,4.27162103244365
6474,4.260359125586522
10028,4.268462479235692
5316,4.252966226770123
5594,4.263657926169947
5660,4.246151918333262
9753,4.256784810382875
5586,4.2664476543719285
3998,4.25560992519541
9539,4.258360259938252
8777,4.269937195923793
4887,4.2344001838981615
1289,4.218507949257336
1516,4.260123675636308
5716,4.246954541507561
6897,4.2445024034286245
7333,4.254627030586077
6895,4.239235583311376
2905,4.242447851474113
4401,4.251152896163517
3966,4.274264985444295
4048,4.259060634888439
1819,4.2
6073,4.269548099593037
9534,4.269975361452094
7358,4.2181901108176145
8184,4.264417218758149
393,4.2280411090070125
5430,4.274473669581851
4614,4.277116140280591
9122,4.264870934430011
9566,4.2732931247811665
469,4.264815143786646
3292,4.242253867262753
4104,4.269465054705318
5375,4.26395825531994
910,4.282543704191948
1342,4.261359631809247
4965,4.2
2551,4.2608615599231765
502,4.228320173444649
5794,4.2
7962,4.27168983711326
3150,4.254136819084531
9393,4.251860199355179
8966,4.2610856031894775
10322,4.280991639527678
5447,4.268419302368701
5421,4.246024800298267
7455,4.27595388343136
7758,4.260986544317205
2508,4.265355239095132
8721,4.2622206029194585
4162,4.21119764414891
4555,4.254095194978868
9222,4.252906290985444
8092,4.248757127065795
657,4.2488918777952716
1073,4.222579015542195
5320,4.265962699913043
1083,4.2734734630201885
8807,4.240274530787094
302,4.220862849574424
2158,4.238662426974084
8655,4.257627026190396
1026,4.226107029670384
1395,4.259599790478287
7372,4.2392364434556455
7057,4.25090971587202
156,4.268469951177411
8668,4.265129832874326
5338,4.207220690704617
219,4.253154327328108
10395,4.256843542257057
6614,4.291855113005864
5466,4.225737388638953
3725,4.239868404144796
2985,4.248002805291824
3351,4.2771811361818415
3606,4.215707450119449
9744,4.24637049402937
2819,4.256404302754171
1491,4.237655038258657
8202,4.257736436872159
9212,4.265131422487794
1827,4.248341754310993
2867,4.229340541698871
4038,4.253908818284757
333,4.212881119124131
5317,4.243712248755992
2803,4.272637564445564
10020,4.270737204789706
2617,4.2472250779983725
1434,4.257969083941236
5961,4.255986075624069
6730,4.259966006755838
315,4.269439924155827
8022,4.235721011249921
8134,4.255977311226034
5275,4.261823326917337
6452,4.267250947909132
4015,4.243424548076058
3607,4.260590601678223
10029,4.2537428736397125
8675,4.238045524301608
391,4.230017689774478
1387,4.227467675015403
2822,4.267407875680851
3446,4.239935463522729
6514,4.237045586264519
5353,4.249672340254225
6305,4.24595167498536
1899,4.246619637307909
7601,4.24351220274255
8624,4.274644146442071
8320,4.230492310090702
488,4.229944301877737
4802,4.25373168550695
10181,4.259945304685889
10253,4.270712630365847
7243,4.2703445514279785
591,4.264403508182689
8422,4.2
100,4.219311946136899
10604,4.21315619385006
3905,4.228828465202857
4646,4.2482402241859205
4706,4.2517275116304925
770,4.267336873595746
7986,4.265188849030054
4982,4.215734091927997
9946,4.242400963952258
1752,4.246835433142677
8052,4.227169085479318
4572,4.2705835993930386
2404,4.259678211492835
5795,4.241152228615185
7501,4.22730955744609
1362,4.217651379236136
9301,4.244206567792436
9134,4.280603593822509
924,4.2705590936234605
4064,4.247269398493379
7696,4.264161204012983
3204,4.243589786224099
8174,4.287163037583446
9438,4.242843632966244
4369,4.250616050021383
10583,4.244755817461102
4210,4.245477596754629
8391,4.267500144599368
6497,4.263042797242321
7297,4.266827070033958
1388,4.270090616899852
2670,4.204484380757373
9768,4.239212604598043
3237,4.234986091006997
2510,4.241739526885319
4213,4.271912865821458
3652,4.235477355507915
5418,4.232322184584605
6395,4.2717963957620855
1179,4.252226645119226
4103,4.220292310741284
8638,4.250109406918542
1175,4.256621355701846
5995,4.256950018564059
8741,4.240055009847654
9184,4.226366598396124
10216,4.252669696594454
8426,4.248696304217697
4410,4.242177528128977
1109,4.28071951709804
7666,4.22566694512906
165,4.258211653066848
5437,4.235830371285928
4109,4.23364352742228
9940,4.224670924315553
5605,4.24166345482504
3273,4.24894591829304
3239,4.247711102053774
1917,4.253684678338953
7630,4.284362641450534
5803,4.262051713282551
9637,4.2586076819206085
4711,4.23319130607165
6326,4.233684500469163
1744,4.267979042273335
4997,4.254927219283373
9089,4.254566798596981
2240,4.271739072346568
9738,4.2448025197603405
3268,4.274154175977638
8463,4.248424311722579
5351,4.275739584292492
9048,4.2342508553997105
526,4.274514378358823
2177,4.254511688949988
817,4.2570227277353325
3469,4.259119712884836
5686,4.248273432745219
8303,4.230126636758063
10463,4.243763521197804
6361,4.217251016645474
1609,4.249267499114361
3987,4.221250939944737
10304,4.235365652164251
121,4.257503412478121
2010,4.236832814758884
2325,4.227074820797828
9040,4.26968920836509
3813,4.237076486547032
4821,4.27277291929832
6228,4.2545769691501105
7727,4.239113667005611
3490,4.251480989007269
8706,4.273312182218317
1583,4.259114303846873
818,4.247444034538529
10128,4.208854282539628
5763,4.256737107441763
6099,4.2096639285845825
8714,4.266831602780242
5766,4.23492306623621
3932,4.2344082494930575
7082,4.253085596287073
1770,4.272325828888341
82,4.245715803126711
800,4.27664203549487
8879,4.260296381152137
10250,4.241234938415228
9549,4.275222163580565
5639,4.256713429393415
760,4.257037075041421
2023,4.253149122235511
4660,4.255052024689309
244,4.234239022209329
487,4.215523981165371
361,4.264311062927804
5880,4.248932715584424
2899,4.245073694457684
2258,4.225282901749361
3140,4.279517682911169
7841,4.235924087406505
10190,4.250082818452346
4424,4.274169337801014
10398,4.243165243137151
1486,4.258913266966251
9499,4.235061510666121
4911,4.252644208558993
4603,4.264730403245635
2909,4.231945987204344
10740,4.2783065290664
9440,4.2536847167669585
3019,4.262095550920005
7513,4.279916043000541
3950,4.233565069788495
1808,4.256552228454594
8936,4.247477602206505
8863,4.242922407205235
8535,4.244696820681327
7550,4.265445952084594
228,4.248697115344216
2311,4.27260171439419
609,4.234740957413699
1591,4.225174648048096
3541,4.265917282452291
5637,4.271299590570097
2338,4.2512922552192745
9763,4.233543985700035
1862,4.2426637822188935
841,4.235937919012829
7270,4.242764953129003
9586,4.219571428406298
1675,4.2335386241449
7032,4.229526612211615
3613,4.261838758539096
4934,4.24955549694387
3218,4.269896971490621
4649,4.254045342535365
9922,4.2681394845719005
601,4.2465520948688456
4484,4.223342743392623
8051,4.2484814689480235
10665,4.257004459913053
366,4.251265290721819
3968,4.254927219283373
4871,4.247845660907804
278,4.2553890228336995
8911,4.281978654057702
8071,4.243160359714856
6141,4.232207711973679
2526,4.237288294489578
8938,4.235794980077919
2398,4.255608483394596
10445,4.2373901857932195
5381,4.256118362713041
9348,4.275921447098401
3141,4.254845257484872
7492,4.265988906383497
2837,4.227817597653691
6724,4.2509325662804365
2612,4.218807863614842
5907,4.220189611653115
1023,4.22982406328816
7026,4.282135974600454
441,4.260329185700811
465,4.23160316557967
4730,4.2585504380877195
3170,4.235986022348583
2104,4.224441696672578
9592,4.2557985894217545
6590,4.2404318806544685
5438,4.270871007056728
6540,4.259105120653071
4408,4.27497845296131
3473,4.263700205167047
1080,4.2545696079822655
5842,4.254510333576425
3875,4.253628318085065
5863,4.247416080940071
10615,4.222483991565483
9463,4.273269418449899
3199,4.260529325144536
4929,4.280920236140061
9339,4.23439030379757
4703,4.242999242545272
10642,4.234162483724978
3456,4.217484942929954
9524,4.270540904954794
914,4.213863816724484
4716,4.244603932161066
1732,4.26206914110074
3612,4.242999242545272
1652,4.237247828100853
10585,4.236652448609094
7307,4.256049411476418
7452,4.268835695055233
3389,4.2339407679602825
1549,4.248519125586208
6045,4.200009402325116
8874,4.239252211872144
2865,4.236833140938157
6512,4.251047681556485
2074,4.2819364523454375
1529,4.264878636524995
276,4.252270249114864
6097,4.2749325525359305
10663,4.253278088856046
6038,4.245194643769063
9498,4.2493944567909825
4098,4.241086676993093
6321,4.255501197447451
3769,4.241229248685979
697,4.2541627665563215
5525,4.269765185394895
5722,4.2445796275832866
3234,4.220347047013605
7657,4.2553449195500175
1889,4.2460549137877415
3310,4.247830576634891
548,4.262584343878259
1865,4.279459194414782
10568,4.214900178372272
8880,4.279881208811268
10294,4.2314302386561335
1612,4.279166865708501
6708,4.236292470514067
7872,4.268358687078896
10584,4.263477721350844
3145,4.258193723578106
5736,4.240015874121792
107,4.215104736654101
4843,4.211647580351378
3269,4.238660509889423
6030,4.265850249181487
6496,4.236977191540833
467,4.2649836913262895
5740,4.252683873043187
3493,4.270087704033541
8086,4.267778509013393
3385,4.239844861453875
1253,4.259923129158094
7833,4.221961076698973
2631,4.252828171827283
5053,4.273956800991269
2207,4.220172469967134
7223,4.234012730507404
10481,4.261798058435158
578,4.2702349436851765
8220,4.2209378349875655
4318,4.215672878518659
8398,4.248933039891419
4266,4.235985734758417
10012,4.2685082726707275
5335,4.246963591640071
232,4.260072292269494
2708,4.257089836384278
8298,4.240402831318741
9986,4.254240956656131
4242,4.273647563326535
834,4.25170075579419
1072,4.2210743009917495
9084,4.2650044151703845
2084,4.24323061843945
1115,4.278752355755811
10711,4.25418991052908
6610,4.245277425004474
9475,4.2608615599231765
5906,4.267373378976101
8240,4.240733850466908
565,4.22668489950234
9245,4.258194330262559
9642,4.250475981360527
8582,4.2721042301288294
8912,4.2671973142112405
8779,4.238633212021557
187,4.25227982578511
5118,4.237869566727697
826,4.257449923010955
3684,4.260926276787426
7444,4.275312522748214
3559,4.263103290175022
7767,4.247742785650571
5885,4.2431532495208835
9808,4.254067718980276
10450,4.272771195458992
2088,4.263998129776505
10477,4.260506096196172
1291,4.2484814689480235
9223,4.240197544979031
2957,4.2444813281406315
7071,4.241798721256549
4237,4.246392105454289
9505,4.28175427907652
4267,4.27897151122729
5928,4.213848253506705
77,4.242854511757625
9926,4.233545743567675
6506,4.272011282947809
7045,4.243352141685957
2742,4.2292844643507355
893,4.2
999,4.278739244659267
3245,4.257608235935426
10758,4.248363453061866
2802,4.291659629927957
8666,4.270039956910006
1724,4.238589094072224
7830,4.236416260520193
880,4.253120414570474
7568,4.270418712451235
3423,4.216842213464868
1914,4.279580754363723
3254,4.253835998147227
3453,4.249448627472223
3609,4.260654198996342
4340,4.259852919869148
4943,4.244753427464964
4091,4.2772264579554236
8774,4.244891676916
4169,4.2318648668917085
5876,4.252195620788775
5190,4.221929952965628
6414,4.250693273899695
1245,4.252234065015356
6592,4.274634267865127
3291,4.2393211411077925
8634,4.2235000940249225
8558,4.2651048242870715
2624,4.232521654763927
81,4.270707294635651
7895,4.213896231158609
992,4.2312825014702256
4351,4.2473366402743915
672,4.27546978593603
2378,4.261097889756887
5427,4.27855163416119
2965,4.255793572315792
10064,4.258755510953014
2247,4.261087956216571
5311,4.267658008618145
6532,4.246613023198295
6970,4.232064583274782
9832,4.224524255082549
8498,4.21785663842588
966,4.261148459235223
3013,4.252086556563735
1852,4.240453143089651
3121,4.22650660998481
2715,4.245804302450391
7113,4.272939709327449
5021,4.237349393945185
6964,4.2469936170747555
8203,4.249218945521295
4701,4.251316657524538
3001,4.248530906496575
1803,4.253900616640314
8121,4.234412308444979
10714,4.238367160465884
8000,4.24189599813654
9796,4.228841392630755
6789,4.219838642546378
2997,4.270191592356932
5333,4.256710940370609
10275,4.244492686007497
2299,4.201182831368889
2332,4.217840949170447
10756,4.2
1212,4.247748529756361
4189,4.269181197612229
2340,4.268766124381276
2198,4.236398028577638
7491,4.217280851051194
8782,4.256221659802602
2975,4.2703092168943435
9326,4.2052148931585585
10607,4.23254650600553
1496,4.2041476066645975
9880,4.272807906984749
8704,4.243526697529154
2301,4.218336638325071
7348,4.280935282711948
7585,4.2401004585322495
4148,4.228931113133057
2267,4.264589905227597
5592,4.273963694400276
5207,4.246951492448996
2998,4.239878717857727
8750,4.221697643273567
6024,4.216565093803003
9061,4.2327856840049956
720,4.265912494586687
7978,4.2430758474449
2489,4.221242774023026
1594,4.231738044675939
6131,4.272086845857528
7299,4.254241711295754
7523,4.229250658625248
3348,4.256303821091365
9716,4.2577040352561895
1773,4.244327283954083
979,4.24502044065709
4200,4.219992190878495
2725,4.241834041296173
863,4.237788649228987
6202,4.2640353558503445
4659,4.256449526099015
5936,4.272067550857215
6697,4.267137248169792
1068,4.264061550105663
3397,4.235137134195828
6238,4.245147665129993
2027,4.249681487879698
4578,4.271034150901022
6037,4.2403466257160245
7179,4.234160590994459
6960,4.265249274121516
7599,4.246012406526933
6581,4.2328997345811805
5293,4.2389864696720325
10297,4.258272412573325
3410,4.2782297667138565
2727,4.2162106880676635
8418,4.205171517287683
4923,4.2056616382683885
3109,4.2241795897328025
558,4.20575559736169
8809,4.263939329246492
4758,4.2353916176124216
3112,4.263540595236389
2300,4.247106430724968
3933,4.2408360954477455
9450,4.201085942850451
8444,4.254427244365661
1188,4.244469288851238
6739,4.252694541180852
5175,4.234714353966758
1141,4.237104610042016
4386,4.273746042297413
9398,4.268948954660612
10574,4.279878219821819
1933,4.241285589247118
3856,4.226454131019256
3553,4.237102371488116
498,4.237372635909298
8804,4.2066405660378985
66,4.223773230418921
1090,4.229068585271412
2766,4.268437067027424
7861,4.254456035489433
1264,4.232793339117793
40,4.271817680100709
1131,4.272712669012798
1466,4.228090740420329
7420,4.224378883753752
8370,4.2360001806643455
10690,4.214307730664364
9114,4.263635438917634
362,4.21448550330662
6056,4.219505529702109
5277,4.239420267478273
4322,4.227556518345058
1810,4.237048260338049
4441,4.226802351695025
9908,4.238362447147643
5899,4.244813582001896
785,4.260774892204947
3744,4.236535635266965
4046,4.218540329544936
7569,4.280416889695868
5872,4.257339331487102
2840,4.270975563135172
1867,4.255302667657873
7489,4.275642220213828
2039,4.242823775678816
14,4.249177993988772
2546,4.2
10389,4.2752745357387525
3947,4.247969190724279
5597,4.252003315932684
2959,4.274598453168607
9059,4.228414660501131
10327,4.270983411945757
477,4.2350329609332125
93,4.268673691980359
5035,4.2392756223621815
176,4.237918088602438
1448,4.214527812943743
1641,4.262915490508865
1018,4.24026204502482
1754,4.217392427956977
8327,4.2732931247811665
8784,4.245623466364097
1547,4.26045373803106
3680,4.242282644421231
4288,4.2427144779642525
1120,4.2606076098479155
9585,4.252677953623013
716,4.259086957783884
9073,4.263270738690954
10575,4.229650288675358
9080,4.272637564445564
6222,4.2422893037695335
10582,4.278017443260431
9479,4.250554093379296
5519,4.249842390976875
3829,4.232685458718303
10006,4.243195363474747
7478,4.234735206658202
10148,4.252390920783193
2205,4.238772651191738
6558,4.238236628747435
7008,4.231194885738579
1632,4.208285875835922
10641,4.2427134402137945
8132,4.237086202508417
5167,4.251671478558228
9621,4.2615972096239725
10341,4.271079245571475
7273,4.228042867020974
6280,4.240268194866666
1731,4.2285198800675525
6077,4.24522286788907
687,4.275526581775862
7079,4.26055331892919
1979,4.219242140318804
4024,4.260712280968805
794,4.234152777689814
5144,4.248428877504431
4989,4.241952014456434
5630,4.265212113709514
918,4.2470247489055675
9290,4.26586877354237
4673,4.230920906341074
815,4.24859300812828
3438,4.268213204836886
1287,4.251283331004139
4183,4.243173242585636
7756,4.2343778171399595
5826,4.261277068373635
10683,4.258738037348723
7126,4.272043888776293
6997,4.272789023506348
3873,4.27774048054789
2389,4.268568865191186
3022,4.273964465202535
3083,4.280132815165297
6782,4.225569675004265
3230,4.236664114527683
2854,4.2615427663799945
8423,4.277009810157134
10454,4.268054783899735
8995,4.239003509904737
8972,4.24349395507862
10324,4.253014955468829
24,4.268138215489796
782,4.250028539230185
6065,4.277811745990283
1922,4.249241946018117
2941,4.2097468095126676
3,4.236298854699503
3139,4.2682852756094825
9194,4.241264324312013
8198,4.268428105568576
7325,4.255400906581274
8974,4.268764099760669
3402,4.250345761117623
3563,4.280416710550104
6136,4.234735206658202
3056,4.210439611940708
2444,4.24001763129911
797,4.224054024143434
3924,4.245235435664253
9338,4.264167272986175
9078,4.2722847354656
7953,4.255170727494429
4217,4.239178279269636
2744,4.256794764958819
6102,4.23067944848657
3565,4.242979334316892
9217,4.2360103316884015
5279,4.239959886103051
5811,4.247824129921638
7514,4.252187769908204
1657,4.2618105502591375
7162,4.279999507923507
5203,4.250120405378302
6281,4.241983437353064
4147,4.2474768216356384
10017,4.260194975465503
7699,4.2278475819057055
7024,4.204941177009838
3638,4.22167223058464
1705,4.272521187104996
1393,4.268522496207857
5567,4.258515322824412
7512,4.241055377526762
7616,4.268124695885322
7063,4.224015257983223
8083,4.266145288223758
221,4.237901233018716
1578,4.234017626217755
5287,4.244140204950241
1124,4.243473462306884
4099,4.236658234847932
6971,4.235737393601941
5189,4.246185727515371
6925,4.238042373534698
1107,4.26408591171472
7487,4.246648581968511
5884,4.265155071300692
9079,4.250622960463233
4380,4.250730421498488
1822,4.252107392477811
6388,4.242458241731454
5679,4.2347815980066414
7593,4.23317626737682
8401,4.2574921706491375
4531,4.258098842184388
7660,4.2588605766306
7340,4.228229450126545
9708,4.253536362794633
4356,4.269745623440107
10506,4.2588605766306
3929,4.234271214054889
4299,4.2233939369098135
2225,4.261297021886225
7573,4.261327481929612
3595,4.263232268731345
2530,4.24440414533042
7209,4.275436501314379
2001,4.247392059989193
1802,4.2436432124296175
3023,4.25698589485185
8189,4.249185686518221
5965,4.262206127757956
8485,4.257540781172274
2391,4.2
7403,4.221834225827935
2845,4.268522496207857
2296,4.213365346069573
6707,4.227023193869668
5548,4.245162231847458
4505,4.276245104140457
2375,4.212944256230932
6029,4.254701980673663
7147,4.2
3457,4.271594562268212
619,4.229913849791355
5527,4.27445420094893
10240,4.2111517735078365
4197,4.2460052274286815
5453,4.2
2754,4.265549532091266
5370,4.280121804420835
6845,4.239166251720561
8970,4.2508328315662105
9170,4.2529674696209545
4511,4.282428647643197
4072,4.219041246522112
1800,4.272579996437898
1378,4.209214341083987
813,4.274732547149112
6522,4.2763958242746485
10554,4.268688184846775
7102,4.265072730500037
7031,4.241624021994767
9752,4.245699050220291
3401,4.231276740085765
10179,4.260476747213215
8555,4.2691528154365646
2787,4.250897208077094
1700,4.222443089310048
6785,4.243730894576116
3869,4.26568255661406
3386,4.236074137149552
7449,4.232916556171759
4805,4.276599566571306
6301,4.203851697738443
4434,4.259177875811885
5354,4.245593077665956
6194,4.275472814179139
5006,4.24336298759615
258,4.229472999127323
3516,4.2729994825035424
7069,4.230945096297471
1363,4.221054257186339
4812,4.228361554417519
2777,4.254211724445954
8215,4.243800552378037
7997,4.243502286799193
6086,4.207806223464986
2578,4.250597401300672
1828,4.204727845675565
3264,4.213539306096325
4114,4.257013209569673
7904,4.257064008535094
7683,4.218363428350261
8601,4.279937275647411
5919,4.236677399743415
3039,4.244994661085716
10832,4.229529808336759
9186,4.244663738206028
3271,4.259444189931322
7879,4.246674516931025
7093,4.245262341425462
9081,4.217615307017358
7254,4.2376144909857585
4732,4.229503244582498
8745,4.244872710120787
8255,4.222141302482132
9093,4.241822109120682
9923,4.22518592465669
1875,4.279971251465872
1626,4.2414743533987345
4671,4.273459419499173
181,4.256047565254705
4925,4.245319628140572
4345,4.2
7619,4.235785001519255
10461,4.236228755668226
9424,4.258773996854236
10086,4.24363905072345
10114,4.251654744278901
10730,4.247375140658571
9628,4.23399743964749
7497,4.274404631516098
7784,4.269020729181357
8185,4.2530024944173865
3602,4.21727902062115
2000,4.272541753548806
2457,4.273336185853332
3581,4.240790943710977
8853,4.245177378308854
8315,4.256357152009461
3153,4.237613451534952
94,4.255717327953726
6957,4.222436885961014
2140,4.253878305130685
4310,4.222329163820714
4096,4.2657260922990705
139,4.262915490508865
665,4.220524971319658
2665,4.2167747348738
762,4.236617940953275
297,4.233389843963024
3047,4.216459617235141
1708,4.247444034538529
9478,4.259336165554373
4277,4.278996103585339
9050,4.2606076098479155
7192,4.237800575110995
9523,4.242582865378396
4033,4.235175768020073
9379,4.245258727223738
9144,4.235404144177095
8715,4.270953036637704
728,4.237268701498725
1502,4.268448870732509
727,4.249126722681598
10719,4.256843542257057
6577,4.236582433168078
8472,4.242703649648409
3203,4.2675735691222485
3071,4.200206461698396
9765,4.229234865458064
4208,4.279275652855046
5701,4.243287779265542
2823,4.230367828183744
625,4.2450102363221065
1191,4.263998129776505
9305,4.257603558387024
6081,4.25810017809526
8427,4.269055491172088
795,4.262782439686302
5440,4.254510333576425
1328,4.219415967645425
10509,4.242702625038471
6068,4.287440566811912
4959,4.244801270694147
5659,4.251506116808258
6784,4.260720173449712
5960,4.222102504944976
5149,4.272591110708003
2284,4.242226337565662
5760,4.2422537579233826
9244,4.222244970610666
4215,4.261701669982059
8484,4.247072076454385
3867,4.287063939482339
4764,4.255202687046471
3925,4.270075810295215
8383,4.224705103867071
10268,4.256307907256382
6048,4.244029094760926
6989,4.240463082885114
1690,4.258396324419018
2484,4.2324791425630455
10238,4.202335680601811
6284,4.265266079765949
9064,4.259202401725276
10689,4.2
7365,4.278928835179042
8010,4.235190131773896
1207,4.248430144269401
3082,4.236511807846955
4152,4.272264886147733
5425,4.2690502458737365
6772,4.257769490490867
6601,4.241195706693772
5946,4.25016878491601
7597,4.217467911681686
6500,4.23826070544119
7127,4.237859710843387
7355,4.247742420860495
3158,4.241721040765043
4341,4.203117593491648
17,4.245590274828748
6764,4.258430925525111
6049,4.266715152174545
8960,4.277775992297988
8838,4.26928173147521
2887,4.229683409896674
2317,4.24161775068552
2235,4.242422032197323
1753,4.258401066310794
8604,4.278403568952975
9517,4.259208688758027
9356,4.268054783899735
3420,4.244459900617901
9518,4.250475556457507
4702,4.238441412409458
1343,4.268520762798541
1823,4.246369300146976
1473,4.2571195999496
3648,4.2
5550,4.26467606291174
1081,4.2407929980916705
1500,4.24286449718769
4397,4.283430981092528
533,4.224650622453349
10827,4.25517784063376
5733,4.219713151290243
9988,4.265045865997079
8746,4.25121033925209
4159,4.26985820843761
2592,4.265642308627049
7198,4.2
8,4.274351258336439
6264,4.24212780854685
2652,4.2497924153285265
7731,4.232194219022121
2250,4.2274142054461645
705,4.231497126580451
7473,4.238642178545083
4724,4.283425129048069
1625,4.243016050127215
6621,4.2375712432039805
4483,4.238277546029007
2221,4.268666976680241
3988,4.228260751941835
4355,4.237276476399812
10315,4.271679264700046
1639,4.2784669098328205
986,4.263407480855798
2170,4.261175502904464
209,4.243433895962463
195,4.274746686233216
3894,4.250809585932858
9633,4.2458441304638725
1595,4.2503034106643485
6115,4.239913892800164
6072,4.258934264107273
511,4.2568057859968125
9754,4.239186297607316
5339,4.2179584496924445
8665,4.239534346854227
7801,4.237419795277784
2868,4.242682064322908
4336,4.227709826416908
3633,4.21685796828115
9426,4.261571979586044
4239,4.244688472607307
4309,4.230922053694739
3614,4.249425117660705
6477,4.2631805449863736
7320,4.266356945925683
8449,4.273690045018517
9354,4.224768753110981
6125,4.213702212460651
423,4.255052753624656
7110,4.215036555277954
904,4.260789980199049
31,4.2399642587464035
10549,4.261175502904464
7705,4.263244126123387
10212,4.265308914569231
1651,4.237790324666037
3506,4.251543644256059
3157,4.236496734793838
4474,4.240862363435183
6013,4.2174007665377875
2060,4.242802704299037
799,4.261928400524505
8406,4.27311944997394
4276,4.277787169461802
6541,4.257320244046795
4885,4.250159283241072
8029,4.275729253364986
10512,4.238098142189418
2656,4.273459419499173
345,4.251109515788647
97,4.238217140789738
2604,4.24582493311046
1812,4.230211359086864
9897,4.230913163889652
9638,4.252115681641018
4709,4.239321931445934
8773,4.235668916453921
9599,4.238335305639322
10096,4.248485226606907
1147,4.229013349359343
3216,4.258701924990846
5332,4.261936718137662
6311,4.241914002595182
3545,4.245058093708838
400,4.2732931247811665
674,4.271238212772241
764,4.255477930779774
5077,4.204941177009838
2893,4.244455230691682
2044,4.246468605819388
5900,4.240274530787094
2228,4.243424440851739
7178,4.204230877941481
5517,4.239310276569629
6572,4.273834482925642
1134,4.220255206154046
883,4.256277662039474
7236,4.225725523365933
7498,4.263655415049233
6346,4.250267200923354
10286,4.246717161481779
2693,4.258605009849266
6698,4.255510054564051
1679,4.236096593189851
3683,4.240457857596113
7431,4.27472947806989
9494,4.2437904234392585
607,4.275807226252494
3177,4.277596929527066
2682,4.233781243105415
2331,4.237131658571787
10045,4.227545178432282
2790,4.260218676844013
6715,4.231799722688761
5590,4.245990857067075
7889,4.288154496800658
1119,4.2195485408678
4232,4.24749201342936
582,4.2315915434967755
96,4.282009466417737
3980,4.272134181948785
2597,4.271250354958385
3570,4.259697390406705
2190,4.2731666874845935
9248,4.2698371685723036
3537,4.244688612684353
1221,4.265594245385282
7623,4.2211351329201
8538,4.260666580344002
89,4.2357447034714415
2672,4.2436823237727666
5324,4.240710234315691
6084,4.25843227866907
2654,4.251916342767801
5346,4.2692582970853765
1085,4.254519434846904
6003,4.2268772552129
5476,4.229649758644415
9451,4.280596446590991
5355,4.209989683229201
459,4.282430697384742
6705,4.263889851908174
6848,4.216697392196733
1174,4.247889610074159
10779,4.202191396174502
5621,4.25841272853121
8413,4.234517289597353
2901,4.236733658318803
379,4.2384734037989915
9799,4.282713126408684
2172,4.231467422155525
8479,4.257216253386037
489,4.249304861702058
8772,4.214910317556333
8307,4.259286097073599
3061,4.244346057164703
5212,4.266395186947849
748,4.217140577427854
2979,4.216051489566923
4903,4.252170305024505
8511,4.23009776561068
5667,4.223595167814985
3808,4.237138547140849
8703,4.25443558770637
1020,4.249710417179534
9202,4.249241946018117
2898,4.269049424982996
2216,4.205549558169666
1876,4.222231288796603
6774,4.262029745892349
3233,4.247497798942591
3003,4.208827869313579
2846,4.26419179056122
5623,4.261619495490063
1857,4.252144836446266
3313,4.251067943775306
4085,4.233326975813975
6010,4.2687306943986805
9833,4.237072018227503
1561,4.261795904780964
2386,4.242371798225772
88,4.258247207544035
1598,4.243934856469069
4472,4.2440045006563265
6384,4.241972828286816
10444,4.231748409937689
8792,4.266395186947849
515,4.2449802948186335
4102,4.23637197009043
3699,4.21666047235294
1873,4.2696126829601795
1565,4.254133707797612
9787,4.2395253583762065
2319,4.249173502179503
6608,4.2401004585322495
3766,4.265904305795169
5257,4.228525331566713
3818,4.262280120863461
303,4.242066242329587
2181,4.242976430081164
8273,4.255959421601405
8284,4.266628122948895
1525,4.266553274477381
3669,4.241529499900804
1275,4.2432546954483525
7007,4.250435494905017
1404,4.283576277743562
9251,4.261608284747738
74,4.217400208556118
4670,4.231750730584546
3049,4.224555974851992
6583,4.249228688903911
6323,4.241524116606539
9837,4.259318689309278
9627,4.231300608779867
8256,4.222069893407995
10301,4.257475589245296
8632,4.239955820504296
8625,4.252389196458566
6646,4.234893268592721
3166,4.229251194715626
553,4.242900759215008
2233,4.258234731734072
5523,4.283546681901053
1248,4.254210710042931
1192,4.236134302101882
5814,4.277811745990283
3604,4.242390601516844
6494,4.278577209552463
7846,4.236113307583949
420,4.238277546029007
4391,4.275479706646133
9809,4.235590992463288
412,4.258742204154614
3686,4.2194795527809825
104,4.201800593652353
8764,4.255986075624069
1481,4.2357544815126085
9150,4.269036643156879
1383,4.253731024770793
8180,4.25830271710108
8125,4.251078831248842
7766,4.267595364472499
259,4.218423583674635
10436,4.2579310327269955
1262,4.235812554005779
461,4.260283371813869
6306,4.2723867738091545
1551,4.226303489346158
8640,4.244017194161245
8841,4.241700123866086
752,4.246344944241944
10018,4.254736553531833
4751,4.243425175679876
1850,4.225409551304857
10405,4.262349010778394
19,4.250414953570304
7240,4.25567056246757
9608,4.259617998581239
8249,4.241132637026365
6823,4.266898522415374
1118,4.279950589442047
5237,4.2512946439902715
9400,4.274093508133551
1508,4.283581601858475
9365,4.254911053112217
7295,4.221908921055001
10416,4.2742450960808
4569,4.252644208558993
9457,4.270155923432943
1380,4.270414273415682
4617,4.245437839171999
7533,4.240623864640548
1227,4.245441955198437
6776,4.27947402211428
2119,4.25170521201396
7936,4.262239786947457
3182,4.218105803165864
6837,4.274241900188267
885,4.238970630553978
9361,4.242771898580244
7708,4.255981667968361
9801,4.225831875765136
6315,4.24505555399415
10742,4.265142545711809
8265,4.2668747259627615
3322,4.258144477103182
4786,4.240055120432026
1847,4.251305091223121
2210,4.264055004644507
5057,4.220909508015111
6737,4.249298002048287
1097,4.218783130134044
1150,4.252476550280958
4757,4.215083526747639
1319,4.230497564625783
8460,4.2130505176614195
6012,4.259509235160929
108,4.250682862621034
9838,4.256655713199679
6004,4.273453646487027
9998,4.245038197792375
1414,4.27187391695668
9859,4.24083871149121
6316,4.268971672880474
6907,4.230535873577214
3695,4.221834225827935
342,4.248292173292847
2063,4.2291420828000845
1685,4.267451484404109
9771,4.252415253276581
7646,4.2809582800501325
6104,4.2423110187245054
3350,4.239045841264448
6133,4.2307857594309475
9743,4.224401487167727
8724,4.229605769622306
120,4.244528312011361
2211,4.228210850905898
8172,4.255559111823578
7059,4.273905734801237
1101,4.2638942441708805
3820,4.2331893918479375
112,4.21798454515328
190,4.23871918863318
5718,4.2309318736487675
4221,4.27058153109673
7774,4.239296446131305
1781,4.280235575885284
3928,4.2541422450908035
6947,4.249296536563952
8144,4.247416544722724
3466,4.253957896610203
7077,4.266151525492468
9098,4.2075151704148075
1640,4.256735457599387
2610,4.2321399327870255
4123,4.232595490012155
960,4.277469167177847
8124,4.27161963628349
4535,4.25966079187549
3474,4.24042847407867
5962,4.271439445244505
10655,4.241891373172628
4791,4.269108263528025
6712,4.247027152044102
763,4.2530701360446415
6349,4.238029698783054
1012,4.280775009125539
9124,4.2643531750888615
579,4.267755123371338
1959,4.215338596903115
10363,4.235881597265978
7019,4.2606076098479155
9749,4.259559453193332
6050,4.262349010778394
1872,4.283341253034135
5916,4.2381789493577156
4941,4.251121695007828
7829,4.232153068324
5636,4.257112177365207
9161,4.244436778051247
6976,4.255830633882852
10787,4.260168908101352
4499,4.240038105762348
7466,4.281717308859364
5365,4.257551051738025
6589,4.216533261761282
2594,4.223328782437852
4458,4.23996633319672
2337,4.271339833462322
7807,4.25367463955082
3540,4.246925933093853
5011,4.261957055505931
5964,4.24072238277264
8205,4.248023502466892
5536,4.2370330369846885
3814,4.2664090318857895
4320,4.21340147737698
2881,4.2579261171404905
6140,4.271321673874599
1813,4.264337825866553
9437,4.281536530871213
816,4.262068337636051
1829,4.200121820674058
5547,4.253622322554461
6058,4.277915038132316
10492,4.2471699755180765
10235,4.263881066388439
8865,4.245167165132502
1697,4.275064009970588
8421,4.250589723980044
2765,4.229975479812039
4952,4.230659283175711
9159,4.23924024420473
0,4.258984477043063
3422,4.245990843819326
10595,4.270046471830616
2827,4.244239528872129
2721,4.271899308434518
908,4.272668336718739
5104,4.272076410359335
7037,4.252212459591615
3286,4.2782676289569235
6019,4.275922039682996
528,4.245778872714735
10592,4.2395253583762065
5283,4.235257077012713
5033,4.245376744316269
8961,4.28225475574438
1840,4.263717998071607
1437,4.276419361450807
9334,4.256152597721779
2407,4.221810048959169
8261,4.2466581839263995
9382,4.264869158971468
2374,4.215249591470086
7611,4.256167542761215
34,4.2008995380730605
8948,4.2065096985503985
5076,4.264529037832099
4918,4.247997229910267
6840,4.277198905418872
7658,4.233198609063308
2019,4.26382219617656
810,4.233377033752967
3021,4.249629481643459
397,4.26254538305289
788,4.253367879304755
5989,4.24154040717352
7030,4.2196791974712875
3511,4.240657455604971
2036,4.25550490333505
5328,4.270754723761137
240,4.235111628593881
51,4.233621837176605
1218,4.252356911827487
1459,4.263851463785974
8270,4.24327234709691
3189,4.229929583849061
5492,4.235979316510454
1204,4.224361360547299
10122,4.27517288402463
10710,4.214538716452316
4416,4.253848473511259
9069,4.2438912337219445
10166,4.241648441853311
5532,4.207264129094945
8682,4.2401004585322495
2171,4.237101213727671
9425,4.273881331946679
931,4.244795499352307
1260,4.283470649341197
547,4.24822220094738
1499,4.246230994452825
4779,4.224584382678863
177,4.2
4637,4.243433895962463
8645,4.272413866656148
47,4.210839449313598
4292,4.21343955458742
4007,4.247527633462897
4926,4.238277546029007
1644,4.2072956644509905
4590,4.2357298419081895
1438,4.217693307953438
9766,4.23571968474433
3805,4.239432797814755
7109,4.233434667687432
6731,4.222975352943386
10277,4.26762508158537
372,4.252999867975633
7653,4.26147322234231
3290,4.281009216061569
4087,4.2557354283932165
7992,4.206118945841041
1214,4.219575804840713
8159,4.262751102813218
7326,4.260662544446695
6765,4.277354880079777
1997,4.278651887870049
7765,4.247527633462897
2045,4.267569517196614
1766,4.273197973601536
5806,4.260721792163742
8128,4.249303142240154
3707,4.247664991457252
2150,4.216541784438014
9179,4.2409824382884995
10309,4.2781366659252855
9062,4.240992013533109
2512,4.2650044151703845
2750,4.250999676065046
7483,4.211303918553028
8639,4.278024338816164
9674,4.2632335068815355
3136,4.242173635623294
6405,4.222077905518229
1220,4.269202063771702
4880,4.244501811987455
10226,4.251793253379458
4655,4.235588791868761
5987,4.29590961453079
2194,4.2414857348161075
6584,4.217364550607999
1065,4.27160564061459
3072,4.257167426476418
9408,4.21228048580949
8759,4.257943028729896
8613,4.258964428143549
8294,4.2723813714560706
8929,4.240936793389929
2346,4.236478648984706
7155,4.237595980520599
1318,4.259114461847657
7930,4.261424311427571
10135,4.249982903304958
3163,4.268189568113802
6850,4.275228052154615
3719,4.251930290156313
10716,4.229019659146495
3091,4.226597823420219
4725,4.21770081369095
5815,4.25898615987529
7078,4.21143808353564
3209,4.237162245970925
6827,4.241372496842262
4181,4.269652084196405
6212,4.208848849559058
5533,4.21831270912133
10011,4.2782655054937795
9196,4.23561774901475
8048,4.246488596985268
2817,4.244405121265569
2556,4.240427101299843
330,4.269455648543616
4910,4.238475491330704
3936,4.2220828271779265
920,4.275004696135362
9369,4.280370978582147
256,4.239147748348772
2112,4.237378565052123
5078,4.271548831153869
59,4.235867632290534
6303,4.252694225860067
5267,4.2266654182336225
7405,4.227558434059863
3685,4.241870264130102
1439,4.241996611986342
10682,4.2606076098479155
4421,4.241931415008359
4023,4.2075151704148075
8310,4.233807332992175
5183,4.21998799378004
2232,4.226704512263586
2955,4.232947595948264
7036,4.2541240047094915
5873,4.2442012889625795
10441,4.273880057889535
9568,4.260033721677229
5108,4.24568937968719
8651,4.215576027909344
3057,4.265762611650031
9948,4.232104944829463
3171,4.237784108774801
3018,4.259274230432937
4956,4.269105360982721
10195,4.236668015310287
6570,4.2481928908672595
3991,4.248359007360142
935,4.261422340980676
673,4.24433426127775
10491,4.233143546039634
4608,4.276415536652534
2464,4.290184215790378
1618,4.282706164831963
1057,4.274556040767085
5785,4.243714959188597
10614,4.2501978456114875
6001,4.270471298528247
10589,4.273562196963307
525,4.239131575035318
2100,4.245299180495453
4282,4.275236471122559
3574,4.277930882682767
1379,4.243797597573193
1650,4.2652501820918705
6745,4.237462715370325
3494,4.215968591103278
4611,4.251394146559462
138,4.27214649560762
4261,4.273089234248293
2687,4.260929875889584
9973,4.2269525613764
4387,4.25915205556817
6972,4.219982782596776
2086,4.247390619173296
8379,4.2816316332853654
6218,4.248849233573173
2314,4.259167418396812
10269,4.243221117430074
9575,4.228368006076051
274,4.2571444765625595
4057,4.267407875680851
6448,4.239880585683531
4207,4.2308444548474755
2525,4.251114449163387
10755,4.27312875725113
8478,4.213007513454154
